sku,name,category,unit,pack_size,level8_qty,basement_qty,reorder_point,par_level,max_per_checkout,requires_approval,notes
PPR-001,A4 ream (per ream),Printing & Paper,ream,5,225,,20,250,,false,Box (5 Reams)
PPR-002,A3 paper (per ream),Printing & Paper,ream,5,250,,20,250,,false,Box (5 Reams)
STA-001,RED PEN 0.7MM,Stationery,pc,12,168,,20,168,,false,Box (12 Pens)
STA-002,BLUE PEN 0.7MM,Stationery,pc,12,192,,20,192,,false,Box (12 Pens)
STA-003,BLACK PEN 0.7MM,Stationery,pc,12,12,,3,12,,false,Box (12 Pens)
STA-004,GREEN PEN 0.7MM,Stationery,pc,12,226,,20,227,,false,Box (12 Pens)
STA-005,PENCIL BLUE BOX,Stationery,box,10,73,,10,73,,false,Carton (10 Boxes)
STA-006,SCISSOR,Stationery,pc,,10,,3,10,,false,
STA-007,CORRECTION TAPE,Stationery,pc,10,177,,20,259,,false,Pack of 10
STA-008,ERASER,Stationery,pc,20,32,,3,32,,false,Box (20 Pcs)
STA-009,SHARPENER WITH CONTAINER,Stationery,pc,,11,,3,12,,false,
STA-010,TRIANGLE CLIPS (25 MM),Stationery,box,,100,,20,100,,false,
STA-011,BINDER CLIPS (15MM),Stationery,box,,60,,10,60,,false,
STA-012,BINDER CLIPS (19MM),Stationery,box,,54,,10,60,,false,
STA-013,BINDER CLIPS (25 MM),Stationery,box,,120,,20,120,,false,
STA-014,BINDER CLIPS (32 MM),Stationery,box,,204,,20,204,,false,
STA-015,BINDER CLIPS (41MM),Stationery,box,,60,,10,60,,false,
STA-016,BINDER CLIPS (51MM),Stationery,box,,60,,10,60,,false,
TCH-001,EXERCISE BOOK,Teaching Materials,book,10,370,,20,470,,false,Bundle (10 Books)
STA-017,MECHANICAL PENCIL 0.5MM,Stationery,pc,,23,,3,23,,false,
STA-018,PENCIL LEADS 0.5 MM PILOT 2B,Stationery,tube,,41,,3,42,,false,
STA-019,PENCIL LEADS 0.7MM STEIN 2B,Stationery,tube,,23,,3,23,,false,
STA-020,BLUE TACK 45 GRAM,Stationery,pc,,13,,3,13,,false,
PPR-003,LAMINATION POUCH A3 (EACH BOX HAS 100 POUCHES),Printing & Paper,box,,6,,1,6,,false,
TCH-002,GEOMETRY SET,Teaching Materials,set,,11,,3,11,,false,
STA-021,GREEN REFILL 0.7MM,Stationery,pc,,107,,20,107,,false,
STA-022,PURPLR REFILL 0.7MM,Stationery,pc,,28,,3,28,,false,
STA-023,BLACK REFILL 0.7MM,Stationery,pc,,11,,3,11,,false,
STA-024,BLUE REFILL 0.7MM,Stationery,pc,,3,,1,3,,false,
STA-025,BLUE REFILL 0.5MM,Stationery,pc,,40,,3,40,,false,
STA-026,PURPLE REFILL 0.5MM,Stationery,pc,,400,,20,400,,false,
STA-027,GREEN REFILL 0.5 MM,Stationery,pc,,390,,20,390,,false,
STA-028,BLACK REFILL 0.5MM,Stationery,pc,,10,,3,10,,false,
STA-029,STABILO RUBBER GRIP,Stationery,pc,,10,,3,10,,false,
STA-030,REDLEAF PURPLE SUPER BALL PEN,Stationery,pc,,21,,3,21,,false,
STA-031,GSOFT RED PEN,Stationery,pc,,22,,3,22,,false,
STA-032,UBIBALL GEL STICK,Stationery,pc,,6,,1,6,,false,
STA-033,CLIC ERASER,Stationery,pc,,16,,3,16,,false,
STA-034,GLUE STICK,Stationery,pc,12,16,,3,16,,false,Box (12 Sticks)
STA-035,STEEL RULLER LARGE,Stationery,pc,,5,,1,5,,false,
STA-036,PLASTIC RULER LARGE,Stationery,pc,,49,,3,49,,false,
STA-037,PEN KNIFE,Stationery,pc,,3,,1,3,,false,
STA-038,WHITEBOARD MARKER REFILL MIX,Stationery,pc,,50,,10,50,,false,
STA-039,PLASTIC RULER SMALL,Stationery,pc,,20,,3,25,,false,
STA-040,LIGHTER FLUID,Stationery,can,,2,,1,2,,false,
STA-041,PAPER PUNCH D TYPE,Stationery,pc,,7,,1,7,,false,
STA-042,TIMER,Stationery,pc,,0,,1,1,,false,
STA-043,TAPE CUTTER,Stationery,pc,,1,,1,1,,false,
STA-044,PUNCHING MACHINE CARL,Stationery,pc,,1,,1,1,,false,
STA-045,STAPLE PINS 24/6 (EACH BOX HAS 100),Stationery,box,,15,,3,15,,false,
STA-046,HEAVY DUTY STAPLE EACH BOX HAS 100),Stationery,box,,18,,3,18,,false,
STA-047,STAPLE PINS 23 /10 EACH BOX HAS 100),Stationery,box,,4,,1,4,,false,
STA-048,STAPLE PINS 23/17 (EACH BOX HAS 100),Stationery,box,,6,,1,6,,false,
STA-049,STAPLE PINS 23/13 (EACH BOX HAS 100),Stationery,box,,26,,3,26,,false,
STA-050,5MM STAPLE,Stationery,box,,61,,10,61,,false,
STA-051,6.3 MM STAPLE,Stationery,box,,23,,3,23,,false,
STA-052,post-it,Stationery,pad,12,190,,20,190,,false,Pack of 12
STA-053,Color cord,Stationery,pc,,144,,20,144,,false,
TCH-003,PHOTO FRAME,Teaching Materials,pc,,3,,1,3,,false,
PPR-004,LAMINATION POUCH A4 (EACH BOX HAS 100 POUCHES),Printing & Paper,box,,7,,1,7,,false,
PPR-005,LAMINATION POUCH A5 (EACH BOX HAS 100 POUCHES),Printing & Paper,box,,8,,1,8,,false,
PPR-006,LAMINATION POUCH A8 (EACH BOX HAS 100 POUCHES),Printing & Paper,box,,1,,1,1,,false,
STA-054,PEN HOLDER SMALL,Stationery,pc,,12,,3,12,,false,
STA-055,PEN HOLDER BIG,Stationery,pc,,6,,1,6,,false,
PPR-007,BLACK CARDBOARD,Printing & Paper,sheet,,52,,10,52,,false,
STA-056,CORD RING,Stationery,pc,,600,,20,600,,false,
PPR-008,CLEAR COVER,Printing & Paper,pc,,19,,3,19,,false,
PPR-009,A4 SHEET PROTECTOR (100 PIECES IN EACH PACKET),Printing & Paper,packet,,67,,10,67,,false,
STA-057,RED COLOR DUCT TAPE,Stationery,roll,,23,,3,23,,false,
STA-058,GREY COLOR DUCT TAPE,Stationery,roll,,32,,3,32,,false,
STA-059,YELLOW COLOR DUCT TAPE,Stationery,roll,,10,,3,10,,false,
STA-060,GREEN COLOR DUCT TAPE,Stationery,roll,,4,,1,4,,false,
STA-061,BLACK COLOR DUCT TAPE,Stationery,roll,,69,,10,69,,false,
STA-062,BLUE COLOR DUCT TAPE,Stationery,roll,,80,,10,80,,false,
STA-063,GLUE STICK LIQUID,Stationery,pc,,8,,3,10,,false,
STA-064,MECHANICAL PENCIL 0.7MM,Stationery,pc,,36,,3,36,,false,
STA-065,HIGHLIGHTER YELLOW,Stationery,pc,,12,,3,12,,false,
STA-066,HIGHLIGHTER RED,Stationery,pc,,14,,3,14,,false,
STA-067,HIGHLIGHTER BLUE,Stationery,pc,,13,,3,14,,false,
STA-068,HIGHLIGHTER GREEN,Stationery,pc,,13,,3,14,,false,
STA-069,HIGHLIGHTER LILIAC,Stationery,pc,,14,,3,14,,false,
STA-070,HIGHLIGHTER PINK,Stationery,pc,,13,,3,14,,false,
STA-071,HIGHLIGHTER LAVENDER,Stationery,pc,,14,,3,14,,false,
STA-072,HIGHLIGHTER ORANGE,Stationery,pc,,13,,3,14,,false,
STA-073,HIGHLIGHTER TURQUOISE,Stationery,pc,,14,,3,14,,false,
STA-074,"HIGHLIGHTER MIX (PINK, GREEN, YELLOW, ORANGE)",Stationery,pack,,27,,3,27,,false,
PAN-001,PLASTIC GLASS (EACH PACKET HAS 50PCS),Pantry,packet,,184,,20,185,,false,
STA-075,STABILO RED SCHWAN PENCIL (12 PIECES IN EACH BOX),Stationery,box,,155,,20,156,,false,
STA-076,TRANSPARENT TAPE (SELOTAPE) 18MM X 25M,Stationery,roll,,6,,1,6,,false,
STA-077,DOUBLE SIDED TAPE 18MMX 15M,Stationery,roll,,4,,1,4,,false,
TCH-004,COLOR PLAY CARD,Teaching Materials,pc,,22,,3,22,,false,
STA-078,L-SHAPE A4 FOLDER 12 PIECES PINK,Stationery,pack,,108,,20,120,,false,
STA-079,L-SHAPE A4 FOLDER 12 PIECES RED,Stationery,pack,10,70,,20,120,,false,Box (10 Packs)
STA-080,L-SHAPE A4 FOLDER 12 PIECES BLUE,Stationery,pack,10,72,,20,120,,false,Box (10 Packs)
STA-081,L-SHAPE A4 FOLDER 12 PIECES GREEN,Stationery,pack,,120,,20,120,,false,
STA-082,L-SHAPE A4 FOLDER 12 PIECES PURPLE,Stationery,pack,,120,,20,120,,false,
STA-083,L-SHAPE A4 FOLDER 12 PIECES ORANGE,Stationery,pack,,120,,20,120,,false,
STA-084,L-SHAPE A4 FOLDER 12 PIECES YELLOW,Stationery,pack,,91,,20,120,,false,
STA-085,L-SHAPE A4 FOLDER 12 PIECES WHITE,Stationery,pack,,120,,20,120,,false,
PPR-010,PAPER DIVIDER,Printing & Paper,pc,,12,,3,12,,false,
TCH-005,TRACING PAPER (10 SHEETS PER PACKET),Teaching Materials,packet,,720,,20,720,,false,
PPR-011,A4 WRITING PAD,Printing & Paper,pad,,4,,1,4,,false,
TCH-006,GRAPH SHEETS PACKET,Teaching Materials,packet,,17,,3,17,,false,
PPR-012,A4 HARD CARD CASE,Printing & Paper,pc,,11,,3,11,,false,
PPR-013,A3 CLEAR SHEET,Printing & Paper,sheet,,7,,1,7,,false,
CLN-001,MASK 50 PIECES (PER BOX),Cleaning,box,,3,,1,3,,false,
CLN-002,TISSUE BOX,Cleaning,box,,509,,20,525,,false,
CLN-003,HAND SANITIZER,Cleaning,bottle,,2,,1,2,,false,
CLN-004,TABLE CLEANING SPRAY,Cleaning,bottle,,4,,1,8,,false,
CLN-005,HARPIC,Cleaning,bottle,,0,,1,0,,false,
CLN-006,DETTOL BOTTLE,Cleaning,bottle,,1,,1,2,,false,
TCH-007,PROTRACTOR,Teaching Materials,pc,,40,,3,40,,false,
CLN-007,AIR FRESHNER - GLADE,Cleaning,can,,4,,1,4,,false,
CLN-008,DETTOL FLOOR CLEANER,Cleaning,bottle,,4,,1,4,,false,
CLN-009,DETTOL DISINFECTANT,Cleaning,bottle,,2,,1,2,,false,
